Column2,brand,제품,10대,20대,30대,40대 이상,freq,Oily,Dry,Sensitive,Normal,Combination,0점,1점,2점,3점,성분개수,평균값
0,abib,껌딱지 시트 마스크 마데카소사이드 스티커,9,84,20,3,0,22,21,17,4,52,0,26,1,0,27,1.037037037
1,abib,껌딱지 시트 마스크 밀크 스티커,5,64,42,8,0,11,29,25,9,45,2,31,5,2,40,1.175
2,abib,껌딱지 시트 마스크 아쿠아 스티커,0,41,32,4,0,6,23,11,9,28,0,33,6,1,40,1.2
3,abib,껌딱지 시트 마스크 어성초 스티커,8,84,23,2,0,12,28,19,6,52,1,25,1,0,27,1
4,abib,껌딱지 시트 마스크 히알루론 스티커,0,8,4,0,0,3,2,1,2,4,0,0,0,0,0,0
5,abib,라이스 프로바이오틱스 오버나이트 마스크 배리어 젤리,1,6,3,0,0,0,1,4,4,1,0,0,0,0,0,0
6,abib,루미너스 세럼 멜팅 비타,0,9,3,3,0,1,4,2,2,6,0,0,0,0,0,0
7,abib,리밸런싱 에멀전 스킨 부스터,0,9,6,0,0,1,3,1,2,8,0,0,0,0,0,0
8,abib,리밸런싱 토너 스킨 부스터,0,19,11,2,2,6,6,3,3,14,1,34,0,0,35,0.971428571
9,abib,릴렉싱 슬리핑팩 브라이트 튜브,1,12,12,4,0,2,10,2,4,11,1,50,8,0,59,1.118644068
10,abib,마일드 선블록 프로텍션 튜브 [SPF50+/PA++++],0,2,1,0,0,0,0,0,2,1,0,0,0,0,0,0
11,abib,마일드 애씨딕 워터 클렌저 젠틀워터,0,4,3,3,0,2,2,0,3,3,0,0,0,0,0,0
12,abib,마일드 애씨딕 폼클렌저 젠틀폼,0,6,7,2,0,2,1,1,4,7,0,0,0,0,0,0
13,abib,모이스처라이징 립 밤 릴리프 튜브,0,6,2,1,0,1,1,1,4,2,0,0,0,0,0,0
14,abib,부활초 크림 뉴트리션 튜브,0,7,3,1,0,0,2,0,3,6,0,0,0,0,0,0
15,abib,브라이트닝 쿠션 컴팩트 벨벳 베일 [SPF50+/PA+++],0,11,6,1,0,1,6,3,4,4,0,0,0,0,0,0
16,abib,아크네 폼 클렌저 어성초 폼,2,16,11,0,0,1,6,6,4,12,0,19,1,0,20,1.05
17,abib,약산성 pH 시트 마스크 아쿠아 핏,1,63,44,4,0,9,22,18,14,49,2,43,0,0,45,0.955555556
18,abib,약산성 pH 시트 마스크 어성초 핏,12,84,20,2,0,19,26,24,6,43,0,29,0,0,29,1
19,abib,약산성 pH 시트 마스크 유자 핏,1,19,10,2,0,3,8,3,6,12,0,0,0,0,0,0
20,abib,약산성 pH 시트 마스크 허니 핏,0,26,23,3,0,6,19,6,7,14,3,30,1,1,35,1
21,abib,어성초 선 에센스 카밍 드롭 [SPF50+/PA++++],0,1,0,0,0,0,0,0,1,0,0,0,0,0,0,0
22,abib,어성초 스팟 패드 카밍 터치,8,70,37,4,1,13,22,25,8,51,1,23,0,0,24,0.958333333
23,abib,어성초 에센스 카밍 펌프,4,72,39,3,0,17,19,11,8,63,0,18,2,0,20,1.1
24,abib,어성초 카밍 토너 스킨 부스터,2,15,5,0,0,4,4,3,2,9,3,20,0,0,23,0.869565217
25,abib,옥죽 에센스 뉴트리션 펌프,0,9,8,3,0,2,4,1,4,9,0,0,0,0,0,0
26,abib,유자 에센스 바이탈라이징 펌프,0,6,7,1,0,1,1,1,3,8,0,0,0,0,0,0
27,abib,인리치드 크림 징크 튜브,0,13,6,2,0,2,2,2,6,9,0,0,0,0,0,0
28,abib,카밍 페이셜 솝 어성초 스톤,0,2,3,0,0,0,0,2,1,2,0,0,0,0,0,0
29,abib,퀵 선스틱 프로텍션 바 [SPF50+/PA++++],0,21,17,5,1,4,9,6,4,20,3,23,4,0,30,1.033333333
30,abib,크림 코팅 마스크 쿨링 솔루션,0,12,7,4,1,3,6,3,4,7,0,36,6,0,42,1.142857143
31,abib,크림 코팅 마스크 톤업 솔루션,2,22,18,4,0,3,10,7,6,20,0,0,0,0,0,0
32,abib,톤업 선스틱 실키 바 [SPF50+/PA++++],0,1,0,0,0,0,0,0,1,0,0,0,0,0,0,0
33,abib,페이셜 솝 그레이 브릭,0,10,17,3,0,4,4,2,3,17,4,28,2,2,36,1.055555556
34,abib,페이셜 솝 블랙 브릭,0,8,1,0,0,2,1,2,1,3,0,0,0,0,0,0
35,abib,페이셜 솝 블루 브릭,0,5,1,1,0,0,1,1,4,1,0,0,0,0,0,0
36,abib,페이셜 솝 아이보리 브릭,0,3,4,0,0,0,1,3,1,2,0,0,0,0,0,0
37,abib,페이셜 솝 핑크 브릭,0,8,5,1,0,1,2,3,2,6,0,0,0,0,0,0
38,abib,프로텍티브 립 밤 블록 스틱,2,20,10,4,0,4,6,1,5,20,0,0,0,0,0,0
39,abib,하이드레이션 겔 워터튜브,0,71,41,6,0,22,20,9,15,52,1,29,5,0,35,1.114285714
40,abib,하이드레이션 쿠션 컴팩트 스킨 실드 [SPF50+/PA+++],0,8,1,0,0,1,1,0,3,4,0,0,0,0,0,0
41,abib,하이드레이션 크림 워터튜브,0,65,41,5,0,16,22,17,9,47,0,30,0,0,30,1
42,abib,하이포더마 SP12GF 세럼 셀 리페어,0,12,21,5,0,4,8,6,5,15,5,27,1,0,33,0.878787879
43,abib,핸드워시 타입 W 워시 펌프,0,1,1,2,0,0,2,1,1,0,0,0,0,0,0,0
44,abib,핸드크림 타입 F 프라그란트 튜브,0,5,1,0,0,0,0,2,3,1,0,0,0,0,0,0
45,abib,핸드크림 타입 Kirsh 프라그란트 튜브,0,1,3,0,0,0,1,0,1,2,0,0,0,0,0,0
46,abib,핸드크림 타입 L 프라그란트 튜브,0,4,7,1,0,0,1,3,3,5,0,0,0,0,0,0
47,abib,핸드크림 타입 V 프라그란트 튜브,0,4,10,0,0,2,0,3,2,7,0,0,0,0,0,0
48,abib,핸드크림 타입 W 프라그란트 튜브,0,12,4,0,0,1,0,4,4,7,0,0,0,0,0,0
49,abib,햄프시드 에센스 엑티베이팅 펌프,11,70,30,4,0,10,23,13,11,58,3,33,2,0,38,0.973684211
0,aveda,뉴트리플레니쉬™ 리브-인 컨디셔너,0,5,3,1,0,2,1,4,1,1,1,16,10,5,32,1.59
1,aveda,뉴트리플레니쉬™ 멀티-유즈 헤어 오일,0,0,2,0,0,0,0,0,1,1,1,10,6,7,24,1.79
2,aveda,뉴트리플레니쉬™ 샴푸 라이트 모이스처,1,1,3,0,0,0,2,0,0,3,2,27,7,4,40,1.32
3,aveda,뉴트리플레니쉬™ 컨디셔너 딥 모이스처,0,0,2,0,0,0,2,0,0,0,3,26,10,7,46,1.46
4,aveda,뉴트리플레니쉬™ 컨디셔너 라이트 모이스처,0,1,2,0,0,0,0,1,0,2,2,25,10,7,44,1.5
5,aveda,데미지 레미디™ 데일리 헤어 리페어,0,44,47,9,1,8,23,12,12,45,0,21,10,4,35,1.51
6,aveda,데미지 레미디™ 리스트럭처링 샴푸,0,25,28,1,0,10,11,7,5,21,1,25,12,2,40,1.38
7,aveda,데미지 레미디™ 리스트럭처링 컨디셔너,2,20,23,6,1,4,15,3,7,22,0,18,7,2,27,1.41
8,aveda,데미지 레미디™ 인텐시브 리스트럭처링 트리트먼트,0,33,46,6,1,8,23,9,7,38,2,22,9,1,34,1.26
9,aveda,라벤더 에센셜 오일+베이스,0,1,1,0,0,0,0,1,0,1,0,3,2,2,7,1.86
10,aveda,라이트 엘리먼츠™ 스무딩 플루이드,1,34,54,11,0,7,22,9,10,52,0,8,3,1,12,1.42
11,aveda,로즈메리 민트 바디로션,0,11,9,0,0,2,7,3,1,7,2,18,6,1,27,1.22
12,aveda,로즈메리 민트 웨이트리스 컨디셔너,0,9,7,0,0,1,2,2,0,11,0,15,4,1,20,1.3
13,aveda,로즈메리 민트 퓨리파잉 샴푸,4,56,59,0,3,13,24,15,7,60,0,15,6,2,23,1.43
14,aveda,로즈메리 민트 핸드 앤 바디 워시,0,5,4,0,0,0,3,1,0,5,2,18,8,1,29,1.28
15,aveda,맨 퓨어-포먼스™ 그루밍 클레이,0,0,1,1,0,2,0,0,0,0,1,27,12,4,44,1.43
16,aveda,맨 퓨어-포먼스™ 샴푸,0,4,2,0,0,0,1,1,2,2,1,23,4,2,30,1.23
17,aveda,맨 퓨어-포먼스™ 컨디셔너,0,1,2,0,0,1,0,1,0,1,3,25,2,2,32,1.09
18,aveda,베르가못 에센셜 오일+베이스,0,0,1,0,0,0,0,0,0,1,0,3,2,1,6,1.67
19,aveda,보태니컬 리페어™ 스트렝쓰닝 샴푸,0,2,2,0,0,0,2,0,0,2,4,17,11,5,37,1.46
20,aveda,보태니컬 리페어™ 스트렝쓰닝 컨디셔너,0,0,4,0,0,1,1,1,0,1,3,11,8,2,24,1.38
21,aveda,보태니컬 리페어™ 인텐시브 스트렝쓰닝 리브-인 트리트먼트,0,1,1,0,0,0,0,1,0,1,4,18,12,5,39,1.46
22,aveda,보태니컬 리페어™ 인텐시브 스트렝쓰닝 마스크 [라이트],0,0,1,0,0,0,0,0,0,1,4,18,11,5,38,1.45
23,aveda,보태니컬 리페어™ 인텐시브 스트렝쓰닝 마스크 [리치],0,1,1,1,0,0,0,1,0,2,5,22,10,5,42,1.36
24,aveda,보태니컬 키네틱스™ 스킨 토닝 에이전트,0,3,1,2,0,0,1,2,0,3,1,7,3,2,13,1.46
25,aveda,보태니컬 키네틱스™ 에너자이징 아이 크림,0,3,3,1,1,1,1,1,0,4,0,33,4,0,37,1.11
26,aveda,보태니컬 키네틱스™ 엑스폴리언트,0,8,7,1,0,1,2,2,2,9,0,3,7,2,12,1.92
27,aveda,보태니컬 키네틱스™ 인텐스 하이드레이팅 리치 크림,0,10,14,1,0,2,8,3,3,9,1,26,9,3,39,1.36
28,aveda,보태니컬 키네틱스™ 인텐스 하이드레이팅 소프트 크림,1,9,13,0,0,5,6,2,2,8,1,26,9,3,39,1.36
29,aveda,보태니컬 키네틱스™ 토닝 미스트,1,18,23,6,3,2,15,8,3,20,1,10,0,0,11,0.91
30,aveda,보태니컬 키네틱스™ 퓨리파잉 젤 클렌저,2,19,12,5,0,4,8,4,7,15,0,10,8,2,20,1.6
31,aveda,보태니컬 키네틱스™ 퓨리파잉 크림 클렌저,2,1,3,0,0,1,1,2,0,2,0,18,2,4,24,1.42
32,aveda,보태니컬 키네틱스™ 하이드레이팅 로션,3,28,22,10,0,5,18,9,3,28,2,23,7,4,36,1.36
33,aveda,보태니컬 키네틱스™ 하이드레이팅 트리트먼트 로션,0,1,1,0,0,0,2,0,0,0,0,15,3,2,20,1.35
34,aveda,볼류마이징 토닉™,0,0,2,1,0,2,0,0,1,0,1,12,5,2,20,1.4
35,aveda,비 컬리™ 컬 인핸서,1,15,29,7,0,5,8,9,7,23,1,15,5,2,23,1.35
36,aveda,샙 모스™ 웨이트리스 하이드레이션 샴푸,0,1,3,1,0,0,2,1,1,1,4,23,6,3,36,1.22
37,aveda,샴퓨어™ 너쳐링 샴푸,0,0,1,1,0,0,1,0,0,1,1,11,11,2,25,1.56
38,aveda,샴퓨어™ 너쳐링 컨디셔너,0,1,1,2,0,0,2,0,0,2,0,9,7,2,18,1.61
39,aveda,샴퓨어™ 드라이 샴푸,0,4,3,2,0,2,1,1,2,3,0,5,6,4,15,1.93
40,aveda,샴퓨어™ 컴포지션 오일,0,2,1,1,0,0,0,2,0,2,1,4,6,5,16,1.94
41,aveda,스무드 인퓨전™ 내츄럴리 스트레이트,0,14,15,1,0,4,9,0,2,15,1,17,9,3,30,1.47
42,aveda,스무드 인퓨전™ 너리싱 스타일링 크림,0,3,0,0,0,0,2,0,0,1,2,26,8,3,39,1.31
43,aveda,스무드 인퓨전™ 샴푸,0,1,4,2,0,0,1,2,1,3,1,15,7,3,26,1.46
44,aveda,스무드 인퓨전™ 스무딩 마스크,0,2,9,0,0,0,2,3,2,4,2,20,9,3,34,1.38
45,aveda,스무드 인퓨전™ 스타일-프렙 스무더,0,3,3,1,0,2,2,0,0,3,2,17,7,3,29,1.38
46,aveda,스무드 인퓨전™ 컨디셔너,0,2,1,0,0,1,0,0,0,2,3,15,6,3,27,1.33
47,aveda,스트레스-픽스™ 바디 로션,0,5,5,3,0,1,3,2,0,7,0,16,6,3,25,1.48
48,aveda,스트레스-픽스™ 바디 크림,1,2,2,1,0,1,1,0,1,3,1,15,10,4,30,1.57
49,aveda,스트레스-픽스™ 소킹 솔트,0,0,5,0,0,0,1,1,0,3,0,4,4,2,10,1.8
50,aveda,스트레스-픽스™ 컨센트레이트,0,3,14,2,0,2,6,1,2,8,0,4,5,6,15,2.13
51,aveda,스트레스-픽스™ 컴포지션 오일,0,0,1,0,0,0,0,1,0,0,0,8,5,5,18,1.83
52,aveda,썬 케어 프로텍티브 헤어 베일,0,0,1,0,0,0,1,0,0,0,2,12,6,3,23,1.43
53,aveda,씨크닝 토닉,0,0,3,0,0,0,0,2,0,1,1,15,9,3,28,1.5
54,aveda,아우터 피스™ 포밍 클렌저,0,0,0,1,0,0,0,0,0,1,1,12,4,2,19,1.37
55,aveda,에어 컨트롤™ 헤어 스프레이,0,0,1,1,0,0,1,0,0,1,2,9,8,4,23,1.61
56,aveda,올-센서티브™ 바디 포뮬라,0,2,3,2,0,1,1,1,0,4,0,5,0,0,5,1
57,aveda,우든 패들 브러시,3,57,47,8,0,16,24,21,13,41,0,0,0,0,0,0
58,aveda,인바티 어드밴스드™ 스칼프 리바이탈라이저,0,6,34,6,0,5,8,4,7,22,1,30,11,4,46,1.39
59,aveda,인바티 어드밴스드™ 씨크닝 컨디셔너,0,7,28,5,0,5,11,3,6,15,1,23,10,3,37,1.41
60,aveda,인바티 어드밴스드™ 엑스폴리에이팅 샴푸 [라이트],0,1,0,0,0,0,0,0,0,1,0,21,10,3,34,1.47
61,aveda,인바티 어드밴스드™ 엑스폴리에이팅 샴푸 [리치],0,1,1,0,0,0,0,0,2,0,0,26,11,3,40,1.43
62,aveda,인바티 어드밴스드™ 헤어 & 스칼프 마스크,0,4,1,0,0,0,0,0,0,5,2,25,12,3,42,1.38
63,aveda,챠크라 3 밸런싱 퓨어-퓸 미스트,0,1,0,1,0,0,0,0,0,2,0,4,5,3,12,1.92
64,aveda,챠크라 7 밸런싱 퓨어-퓸 미스트,0,0,1,0,0,0,1,0,0,0,0,4,3,3,10,1.9
65,aveda,체리 아몬드 소프트닝 샴푸,0,2,6,0,0,1,2,1,0,4,1,14,8,2,25,1.44
66,aveda,체리 아몬드 소프트닝 컨디셔너,0,0,4,1,1,1,1,0,1,2,1,11,6,2,20,1.45
67,aveda,컨트롤 페이스트™,0,0,0,1,0,0,0,0,0,1,2,19,12,6,39,1.56
68,aveda,컨트롤 포스™ 펌 홀드 헤어 스프레이,0,0,2,1,0,1,0,0,0,2,2,12,5,2,21,1.33
69,aveda,쿨링 밸런싱 오일 컨센트레이트,0,14,10,0,0,1,4,6,3,10,0,10,2,0,12,1.17
70,aveda,풋 릴리프™,0,12,12,6,0,4,4,4,5,13,0,26,10,3,39,1.41
71,aveda,퓨어 어번던스™ 볼류마이징 헤어 스프레이,0,4,4,2,0,3,2,2,1,2,2,12,7,3,24,1.46
72,aveda,퓨어 어번던스™ 스타일-프렙™,0,1,3,0,0,1,1,1,0,1,0,21,12,4,37,1.54
73,aveda,프라마사나™ 퓨리파잉 스칼프 클렌저,0,1,3,2,0,0,2,1,0,3,1,15,8,4,28,1.54
74,aveda,프라마사나™ 프로텍티브 스칼프 컨센트레이트,0,0,1,0,0,0,0,0,0,1,3,28,9,4,44,1.32
75,aveda,핸드 릴리프™,3,39,44,14,3,12,22,13,8,45,0,20,8,2,30,1.4
0,innisfree,국화 여성청결제,2,83,30,4,0,12,40,16,4,47,0,9,4,1,14,1.43
1,innisfree,그린티 립 슬리핑 마스크,15,80,21,1,0,9,26,15,12,55,1,15,0,0,16,0.94
2,innisfree,그린티 립밤,22,58,31,3,14,13,28,20,7,46,1,13,0,0,14,0.93
3,innisfree,그린티 밸런싱 스킨 EX,38,61,13,3,0,23,21,14,7,50,1,15,4,1,21,1.24
4,innisfree,그린티 씨드 세럼,9,79,24,3,0,21,24,13,7,50,1,43,3,1,48,1.08
5,innisfree,그린티 씨드 에센스 인 로션,16,76,21,2,0,18,25,14,11,47,2,18,5,1,26,1.19
6,innisfree,그린티 씨드 크림,16,77,23,2,0,9,37,10,13,49,1,32,4,1,38,1.13
7,innisfree,그린티 클렌징 오일,7,48,21,2,0,5,18,14,6,35,1,17,7,1,26,1.31
8,innisfree,그린티 폼 클렌저,18,76,22,1,1,18,33,14,7,45,0,17,7,1,25,1.36
9,innisfree,납작 아이브로우 펜슬,44,63,9,1,3,21,22,16,7,51,4,11,2,0,17,0.88
10,innisfree,네일 탑코트,23,71,16,3,0,20,24,10,8,51,1,11,3,0,15,1.13
11,innisfree,노세범 미네랄 파우더,31,64,12,3,0,13,26,14,7,50,0,10,1,0,11,1.09
12,innisfree,노세범 미네랄 팩트,29,59,24,1,1,15,27,18,8,45,1,18,2,0,21,1.05
13,innisfree,더마 그린티 프로바이오틱스 크림,12,72,25,5,1,13,29,15,5,52,1,29,0,0,30,0.97
14,innisfree,더마 미셀라 클렌징 워터,4,48,24,3,1,9,16,17,2,35,0,20,0,0,20,1
15,innisfree,리얼핏 매트 립스틱,24,74,17,4,0,15,28,16,7,53,2,21,6,2,31,1.26
16,innisfree,링클 사이언스 스팟 트리트먼트,6,55,54,4,0,16,29,15,5,54,0,40,2,1,43,1.09
17,innisfree,마이 리얼 스퀴즈 마스크 티트리,9,36,12,1,1,8,13,7,0,30,1,21,1,1,24,1.08
18,innisfree,마이 메이크업 클렌저 - 크리미 폼,21,68,28,2,1,17,28,16,4,54,0,12,6,1,20,1.35
19,innisfree,마이 블러셔,33,68,10,2,0,19,24,12,9,49,2,8,3,1,14,1.21
20,innisfree,마이 아이섀도우 - 글리터,22,70,20,2,0,16,32,14,8,44,2,15,3,1,21,1.14
21,innisfree,마이 아이섀도우 - 매트,22,73,10,2,0,20,21,11,7,48,4,14,2,1,21,1
22,innisfree,마이 아이섀도우 - 쉬머,19,69,19,3,0,13,31,17,8,41,4,8,4,1,17,1.12
23,innisfree,마이 컨실러 [다크서클 커버],20,71,21,2,1,14,30,20,9,41,5,22,5,1,33,1.06
24,innisfree,마이 컨실러 [와이드 커버],25,65,25,3,1,18,20,18,7,55,5,22,6,1,34,1.09
25,innisfree,마이 컨투어링,16,72,24,0,0,15,30,15,5,47,3,5,3,1,12,1.17
26,innisfree,마이 파운데이션 올데이롱웨어,26,63,15,5,0,17,25,16,7,44,6,39,8,1,54,1.07
27,innisfree,마이 팔레트,14,59,34,3,1,18,32,11,5,44,0,0,0,0,0,0
28,innisfree,마이 헤어 레시피 리페어링 컨디셔너 [손상모발용],6,33,10,6,1,9,11,7,2,26,2,32,9,1,44,1.2
29,innisfree,뷰티툴 5겹 클렌징 화장솜,11,44,16,0,0,9,12,11,5,34,0,0,0,0,0,0
30,innisfree,뷰티툴 마스터 파우더 브러시,19,72,25,2,0,18,31,20,3,46,0,0,0,0,0,0
31,innisfree,뷰티툴 마스터 파운데이션 브러시,14,79,19,4,1,21,26,12,6,51,0,0,0,0,0,0
32,innisfree,뷰티툴 마이 파운데이션 브러시 [커버],24,71,17,4,0,26,19,12,10,49,0,0,0,0,0,0
33,innisfree,뷰티툴 말랑한 팩 스패튤라,4,22,8,1,0,11,4,6,2,12,0,0,0,0,0,0
34,innisfree,뷰티툴 미니 블러셔 브러시,19,72,19,2,0,19,34,15,5,39,0,0,0,0,0,0
35,innisfree,뷰티툴 미니 아이섀도우 브러시 [디파이닝],6,34,6,1,0,5,11,7,3,21,0,0,0,0,0,0
36,innisfree,뷰티툴 미니 아이섀도우 브러시 [베이스],24,62,14,3,1,15,29,13,10,36,0,0,0,0,0,0
37,innisfree,뷰티툴 미니 아이섀도우 브러시 [컨투어링],5,38,7,0,0,10,13,4,2,21,0,0,0,0,0,0
38,innisfree,뷰티툴 블러셔 브러시,10,56,9,0,0,10,13,4,9,39,0,0,0,0,0,0
39,innisfree,뷰티툴 아이새도우 브러시 [디파이닝],20,80,11,3,0,9,24,18,13,50,0,0,0,0,0,0
40,innisfree,뷰티툴 아이섀도우 브러시 [베이스],21,72,12,3,1,19,18,20,14,37,0,0,0,0,0,0
41,innisfree,뷰티툴 아이섀도우 브러시 [컨투어링],29,59,20,4,1,13,29,13,5,52,0,0,0,0,0,0
42,innisfree,뷰티툴 젤 아이라이너 브러시,6,55,20,0,0,11,20,12,6,32,0,0,0,0,0,0
43,innisfree,뷰티툴 크리미 버블 메이커,9,77,27,0,0,14,29,18,7,45,0,0,0,0,0,0
44,innisfree,브라이트닝 포어 세럼,10,64,38,6,0,21,28,21,9,39,1,18,2,1,22,1.14
45,innisfree,블랙티 유스 인핸싱 앰플,5,61,47,1,1,14,26,16,10,48,1,30,4,1,36,1.14
46,innisfree,블루베리 리밸런싱 5.5 클렌저,11,79,27,1,1,19,25,18,5,51,0,20,2,0,22,1.09
47,innisfree,블루베리 리밸런싱 로션,14,86,13,3,2,13,28,10,2,63,1,34,1,0,36,1
48,innisfree,블루베리 리밸런싱 스킨,19,79,19,0,1,15,33,11,8,50,0,24,0,0,24,1
49,innisfree,블루베리 리밸런싱 크림,17,84,14,3,3,16,31,13,4,54,0,26,1,0,27,1.04
50,innisfree,블루베리 리밸런싱 클렌징 워터,10,71,16,3,3,13,25,16,4,42,0,16,0,0,16,1
51,innisfree,비비드 샤인 틴트,31,66,14,0,0,18,23,19,7,44,4,22,3,1,30,1.03
52,innisfree,비비드 오일 틴트,17,67,28,1,0,20,30,13,4,46,2,31,6,1,40,1.15
53,innisfree,비비드 코튼 스틱,21,81,12,0,2,18,27,11,8,50,5,22,5,1,33,1.06
54,innisfree,비비드 코튼 잉크 블러,45,63,9,0,0,25,24,13,5,50,2,7,4,1,14,1.29
55,innisfree,비자 시카 마스크,6,33,14,3,0,15,11,10,4,16,2,30,0,0,32,0.94
56,innisfree,비자 시카 밤,31,69,14,2,0,27,23,19,6,41,2,25,2,0,29,1
57,innisfree,비자 시카 스킨,29,64,22,3,0,14,23,25,9,47,1,16,0,0,17,0.94
58,innisfree,비자 시카 젤,14,63,18,4,1,21,9,17,3,49,2,19,1,0,22,0.95
59,innisfree,비자 트러블 클렌징젤,9,73,31,3,0,24,7,29,4,52,1,9,3,1,14,1.29
60,innisfree,수퍼 화산송이 모공 마스크 2X,10,83,22,4,0,16,24,16,13,50,2,34,5,0,41,1.07
61,innisfree,스키니 꼼꼼카라 Zero,36,68,12,0,0,11,20,14,7,64,1,20,2,0,23,1.04
62,innisfree,스키니 브로우 펜슬,33,68,12,2,0,18,31,16,8,42,4,11,2,0,17,0.88
63,innisfree,스킨 클리닉 마스크 - BHA,9,72,29,5,0,27,22,21,5,40,1,20,4,0,25,1.12
64,innisfree,스킨 클리닉 마스크 - 마데카소사이드,8,75,31,3,1,19,29,19,3,47,1,18,2,0,21,1.05
65,innisfree,심플라벨 롱앤컬 마스카라,12,71,28,2,14,14,25,5,10,59,1,18,1,1,21,1.1
66,innisfree,심플라벨 립 컬러 밤,12,40,13,3,20,8,11,20,8,21,3,18,1,0,22,0.91
67,innisfree,심플라벨 틴티드 모이스처라이저 [SPF50+/PA+++],11,64,20,5,10,16,18,17,5,44,5,21,3,0,29,0.93
68,innisfree,씨솔트 휘핑 클렌저,6,85,21,6,1,19,23,15,6,55,1,20,3,1,25,1.16
69,innisfree,오로라 쉬머 하이라이터,7,24,6,2,0,2,9,9,3,16,0,0,0,0,0,0
70,innisfree,오트 마일드 모이스처 스킨,7,26,12,3,2,6,19,3,2,18,0,32,0,0,32,1
71,innisfree,오트 마일드 모이스처 올인원 로션,12,89,15,1,1,22,35,12,9,39,0,24,1,0,25,1.04
72,innisfree,오트 마일드 모이스처 인텐시브 로션,31,71,11,2,3,11,32,14,16,42,0,32,1,0,33,1.03
73,innisfree,유채꿀 립 밤,25,71,17,2,0,13,25,15,16,46,4,24,6,2,36,1.17
74,innisfree,제주 루트 에너지 마스크 [당근],5,30,17,2,2,8,14,7,3,22,0,27,0,1,28,1.07
75,innisfree,젤리 치크,36,44,11,2,0,19,18,17,7,32,3,12,3,1,19,1.11
76,innisfree,진액 캡슐 팩 - 비자&알로에 [트러블],20,82,16,0,0,23,18,20,7,50,2,32,5,1,40,1.12
77,innisfree,진액 캡슐 팩 - 알로에 [진정],10,81,20,3,0,18,22,25,8,41,1,35,6,1,43,1.16
78,innisfree,진저허니 앰플 스킨,19,71,21,1,0,5,28,9,8,62,1,17,1,1,20,1.1
79,innisfree,진저허니 에센셜 로션,14,46,13,1,0,11,24,8,6,25,1,28,3,1,33,1.12
80,innisfree,청보리 필링 토너,19,65,30,3,0,21,27,14,6,49,0,14,1,0,15,1.07
81,innisfree,톤업 노세범 선스크린 [SPF50/PA+++],24,67,26,2,0,22,27,17,7,46,5,26,13,3,47,1.3
82,innisfree,투톤 아이브로우 키트,24,64,19,2,0,16,31,15,7,40,4,8,3,1,16,1.06
83,innisfree,트루케어 모이스트 리커버리 크림,4,65,32,4,5,11,30,16,5,43,2,23,0,0,25,0.92
84,innisfree,트루케어 알란토인 워터드롭 에센스,1,36,7,1,0,8,11,11,2,13,0,14,0,0,14,1
85,innisfree,트루케어 칼라민 6.5 클렌저,13,61,36,2,1,10,21,11,13,57,1,20,2,0,23,1.04
86,innisfree,트루케어 판테놀 10 수분 스킨,7,78,27,3,4,21,23,20,3,48,1,13,0,0,14,0.93
87,innisfree,트윙클 글리터,24,84,6,2,0,15,24,19,6,52,0,14,5,1,20,1.35
88,innisfree,트윙클 글리터 [홀로그램],27,74,10,2,1,17,30,15,7,44,0,14,2,0,16,1.12
89,innisfree,퍼퓸드 디퓨저 - 0216 한라봉,6,78,21,4,0,17,21,15,9,47,0,0,0,0,0,0
90,innisfree,퍼퓸드 디퓨저 [0517 작약],3,77,30,0,1,25,24,11,7,43,0,0,0,0,0,0
91,innisfree,퍼퓸드 디퓨저 [1015 삼나무],1,62,33,4,1,13,26,8,5,48,0,0,0,0,0,0
92,innisfree,퍼퓸드 디퓨저 [1220 한란],3,79,32,3,0,18,21,15,3,60,0,0,0,0,0,0
93,innisfree,포어 블러 파우더,16,83,13,2,1,17,21,17,8,51,0,5,0,0,5,1
94,innisfree,포어 블러 팩트,9,38,8,1,0,10,8,8,2,28,4,16,1,2,23,1.04
95,innisfree,포어 블러 프라이머,20,78,18,2,1,32,8,20,5,53,3,10,2,1,16,1.06
96,innisfree,프루티 스퀴즈 틴트,17,80,18,3,1,22,23,19,4,50,3,35,7,2,47,1.17
97,innisfree,한란 스킨,4,44,13,1,0,10,18,3,2,29,2,22,2,1,27,1.07
98,innisfree,한란 인리치드 크림,7,71,34,5,0,9,36,13,10,49,1,22,6,1,30,1.23
99,innisfree,화산송이 모공 폼 EX,5,37,12,0,2,10,8,7,2,27,1,17,7,1,26,1.31
0,kiehl,2015 울트라 러브 리미티드 에디션 훼이셜 크림 점보,1,46,54,15,1,14,32,11,6,53,0,0,0,0,0,0
1,kiehl,나이틀리 리파이닝 마이크로 필 컨센트레이트(퀴노아 아기피부 에센스),0,10,15,1,0,1,5,7,0,13,0,22,4,0,26,1.15
2,kiehl,데미지 리페어링 & 리하이드레이팅 샴푸,0,0,2,0,0,0,2,0,0,0,0,15,7,2,24,1.46
3,kiehl,데미지 리페어링 & 리하이드레이팅 컨디셔너,0,0,2,1,0,0,2,0,0,1,0,15,4,2,21,1.38
4,kiehl,라이스 앤드 윗 볼류마이징 샴푸,0,0,2,0,0,0,0,0,0,2,0,12,13,3,28,1.68
5,kiehl,레몬버터 립밤,2,12,7,1,0,2,7,3,2,8,0,24,3,1,28,1.18
6,kiehl,레몬버터 컬러 립밤,9,54,46,4,0,19,28,16,7,43,0,25,5,0,30,1.17
7,kiehl,레어 어스 딥 포어 데일리 클렌저,0,54,52,8,0,14,26,22,7,45,1,13,6,0,20,1.25
8,kiehl,레어 어스 딥 포어 클렌징 마스크,0,63,50,4,0,18,19,14,6,60,0,15,3,0,18,1.17
9,kiehl,로사아티카,0,2,3,1,0,1,2,0,0,3,0,0,0,0,0,0
10,kiehl,롤러볼 에센스 오일,0,1,2,0,0,0,0,1,0,2,0,0,0,0,0,0
11,kiehl,리퀴드 핸드 솝 자몽,0,0,1,0,0,0,0,0,0,1,0,14,13,3,30,1.63
12,kiehl,립밤 #1,7,77,28,5,0,10,26,21,9,51,1,9,5,1,16,1.38
13,kiehl,메이드 포 올 젠틀 바디 워시,0,0,1,0,0,0,0,0,0,1,0,11,3,1,15,1.33
14,kiehl,미드나잇 리커버리 보태니컬 클렌징 오일,0,3,4,0,0,1,1,0,2,3,1,18,4,1,24,1.21
15,kiehl,미드나잇 오일 에센스,0,16,16,4,0,1,8,5,5,17,1,17,3,2,23,1.26
16,kiehl,밀크 필링 토너,0,3,2,0,0,0,2,0,1,2,1,19,6,0,26,1.19
17,kiehl,배스 앤드 샤워 리퀴드 바디 클렌저,0,1,0,0,0,1,0,0,0,0,0,13,19,3,35,1.71
18,kiehl,버터 립 슬리핑 마스크,0,1,0,0,0,0,0,0,0,1,1,23,0,0,24,0.96
19,kiehl,베이비 립밤,1,6,3,0,0,2,2,2,1,3,0,12,2,1,15,1.27
20,kiehl,베티버 & 블랙티 스킨소프트닝 바디 클렌저,0,0,1,0,0,0,1,0,0,0,0,18,9,1,28,1.39
21,kiehl,베티버 & 블랙티 오드 뚜왈렛,0,2,1,0,0,0,0,0,1,2,0,5,3,4,12,1.92
22,kiehl,브레이크아웃 컨트롤 타겟티드 블레미쉬 스팟 트리트먼트,0,2,2,0,0,1,1,2,0,0,0,0,0,0,0,0
23,kiehl,블루 허벌 젤 클렌저,0,30,9,3,0,4,6,6,6,20,0,18,9,0,27,1.33
24,kiehl,선인장 수분 미스트,5,25,16,5,1,8,13,5,2,23,1,8,5,2,16,1.5
25,kiehl,센텔라 센서티브 시카 크림,0,11,5,1,0,1,5,3,1,7,0,22,7,0,29,1.24
26,kiehl,수딩 젤 마스크,0,1,2,0,0,0,1,0,0,2,0,0,0,0,0,0
27,kiehl,수퍼 멀티 코렉티브 크림,1,2,4,1,0,1,1,3,0,3,1,34,7,0,42,1.14
28,kiehl,수퍼블리 스무딩 아르간 컨디셔너,0,1,0,0,0,0,0,0,1,0,1,13,6,2,22,1.41
29,kiehl,수프림리 젠틀 아이 메이크업 리무버,0,1,0,0,0,0,0,0,0,1,0,16,4,1,21,1.29
30,kiehl,스칼프 퓨리파잉 피리치온 징크 댄드러프 샴푸,0,0,0,1,0,0,0,0,0,1,0,0,0,0,0,0
31,kiehl,스킨 레스큐어,0,8,8,0,0,2,1,4,0,9,3,27,7,0,37,1.11
32,kiehl,실크 그룸 세럼,1,6,6,1,0,1,2,1,0,10,0,6,3,1,10,1.5
33,kiehl,썬플라워 컬러 프리저빙 컨디셔너,0,1,3,0,0,0,2,0,0,2,0,13,3,1,17,1.29
34,kiehl,썬플라워 컬러 프리저빙 팩,0,3,1,1,0,1,0,0,1,3,0,15,5,1,21,1.33
35,kiehl,아로마틱 블렌드 바디 로션: 나시 블러썸 & 핑크 그레이프 프룻,0,2,2,1,0,1,0,1,1,2,0,0,0,0,0,0
36,kiehl,아로마틱 블렌드 바디 로션: 오렌지 플라워 & 리치,0,2,1,1,0,1,0,0,1,2,0,0,0,0,0,0
37,kiehl,아로마틱 블렌드 바디 클렌저: 나시 블러썸 & 핑크 그레이프 프룻,0,0,0,1,0,0,0,0,0,1,0,18,12,1,31,1.45
38,kiehl,아로마틱 핸드 크림 자몽,0,18,5,2,0,4,6,5,0,10,1,17,10,4,32,1.53
39,kiehl,아로마틱 향수: 나시 블러썸 & 핑크 그레이프 프룻,0,2,2,0,0,0,0,1,1,2,0,0,0,0,0,0
40,kiehl,아로마틱 향수: 오렌지 플라워 & 리치,0,1,1,0,0,0,0,0,0,2,0,0,0,0,0,0
41,kiehl,아미노 애시드 샴푸,0,12,13,6,1,4,6,3,2,16,0,14,8,2,24,1.5
42,kiehl,아미노 애시드 컨디셔너,1,5,9,2,0,1,3,2,2,9,0,15,5,2,22,1.41
43,kiehl,아이리스 엑스트렉트 엑티베이팅 트리트먼트 에센스 (아이리스 꽃광 에센스),0,59,49,10,0,13,31,16,9,49,1,15,2,1,19,1.16
44,kiehl,아포테커리 맞춤 에센스,0,1,1,0,0,0,1,0,0,1,0,0,0,0,0,0
45,kiehl,얼티밋 스트렝스 핸드 살브,1,61,48,5,0,11,28,21,9,47,1,19,8,0,28,1.25
46,kiehl,얼티밋 시크닝 샴푸,0,0,1,0,0,0,0,0,0,1,2,17,9,0,28,1.25
47,kiehl,에이지 디펜더 아이 크림,0,1,0,0,0,0,0,0,0,1,0,0,0,0,0,0
48,kiehl,에피더멀 리텍스처라이징 마이크로 더마브레이젼,0,4,4,0,0,0,1,1,1,5,2,9,5,1,17,1.29
49,kiehl,오리지날 머스크 블랜드 NO.1,0,63,46,5,0,9,35,20,8,42,0,2,11,7,20,2.25
50,kiehl,오리지널 머스크 바디 로션,0,2,4,0,0,0,0,2,0,4,0,14,14,6,34,1.76
51,kiehl,오리지널 머스크 배스 앤드 샤워 리퀴드 바디 클렌저,0,3,3,1,0,1,1,2,0,3,0,13,12,2,27,1.59
52,kiehl,올리브 프룻 오일 디플리 리페라티브 헤어 팩,1,8,15,6,0,1,7,2,2,18,0,12,5,1,18,1.39
53,kiehl,울트라 라이트 데일리 UV 디펜스 미네랄 선스크린 [SPF50/PA+++],0,8,14,2,0,5,8,4,0,7,3,27,8,1,39,1.18
54,kiehl,울트라 라이트 데일리 유브이 디팬스 썬스크린 [SPF50/PA++++],12,52,45,5,0,7,32,20,8,47,2,42,10,0,54,1.15
55,kiehl,울트라 라이트 데일리 유브이 디펜스 아쿠아 젤 [SPF50+/PA++++],0,8,3,1,0,2,4,1,0,5,2,32,6,0,40,1.1
56,kiehl,울트라 훼이셜 밤,0,9,8,0,0,1,7,1,1,7,1,21,3,0,25,1.08
57,kiehl,울트라 훼이셜 오일-프리 젤 크림,1,67,44,5,0,27,14,20,4,52,0,15,4,0,19,1.21
58,kiehl,울트라 훼이셜 오일-프리 클렌저,2,30,20,3,0,14,2,7,3,29,0,16,2,1,19,1.21
59,kiehl,울트라 훼이셜 크림,3,62,46,4,2,11,29,18,6,51,0,28,7,0,35,1.2
60,kiehl,울트라 훼이셜 토너,8,70,36,4,0,12,28,15,13,50,0,12,5,0,17,1.29
61,kiehl,칼렌듈라 & 알로에 수딩 하이드레이션 마스크(칼렌듈라 꽃잎 마스크),3,41,49,5,0,10,25,11,8,44,0,19,8,1,28,1.36
62,kiehl,칼렌듈라 딥 클렌징 포밍 페이스 워시,5,67,39,8,1,18,23,18,7,53,0,12,6,1,19,1.42
63,kiehl,칼렌듈라 세럼 인퓨즈드 워터 크림,3,16,18,3,0,2,14,6,3,15,0,19,11,2,32,1.47
64,kiehl,칼렌듈라 허벌 엑스트렉트 토너,5,68,38,7,0,10,22,19,10,57,0,13,3,0,16,1.19
65,kiehl,캑터스 플라워 & 티벳탄 진생 하이드레이팅 미스트,1,2,1,0,0,0,1,1,0,2,1,8,5,2,16,1.5
66,kiehl,큐컴버 허벌 알코올 프리 토너,0,20,28,1,1,4,14,8,3,20,1,14,5,0,20,1.2
67,kiehl,크렘 드 꼬르,0,30,40,7,0,5,20,11,8,33,0,28,7,3,38,1.34
68,kiehl,크렘 드 꼬르 너쳐링 바디 워싱 크림,0,0,1,0,0,0,0,0,0,1,0,14,7,2,23,1.48
69,kiehl,크렘 드 꼬르 소이 밀크 앤드 허니 바디 폴리쉬,0,9,17,1,0,2,4,3,2,16,0,26,8,2,36,1.33
70,kiehl,크렘 드 꼬르 휩핑 바디 크림,0,18,24,6,0,5,13,2,4,24,0,18,8,2,28,1.43
71,kiehl,크로스 터레인 올인원 리퓨어링 워시,0,0,1,0,0,0,1,0,0,0,0,0,0,0,0,0
72,kiehl,크리미 아이 트리트먼트 위드 아보카도,0,28,51,8,0,5,17,16,6,43,0,19,6,2,27,1.37
73,kiehl,크리에이티브 크림 왁스,0,0,2,0,0,0,0,1,0,1,1,14,11,3,29,1.55
74,kiehl,클리얼리 코렉티브 다크 스팟 솔루션,2,38,62,17,0,11,23,13,6,66,1,13,7,0,21,1.29
75,kiehl,클리얼리 코렉티브 브라이트닝 앤 수딩 모이스춰 트리트먼트,0,0,1,1,0,0,1,0,0,1,1,16,10,2,29,1.45
76,kiehl,클리얼리 코렉티브 화이트 딥 모이스처 클래리파잉 크림,2,17,28,5,0,7,9,9,3,24,0,24,12,2,38,1.42
77,kiehl,클리얼리 코렉티브 화이트 스킨 브라이트닝 엑스폴리에이터,0,18,22,5,2,3,10,6,5,21,0,15,7,0,22,1.32
78,kiehl,클리얼리 코렉티브 화이트 퓨리파잉 포밍 클렌저,1,5,2,1,0,1,4,2,0,2,1,13,7,1,22,1.36
79,kiehl,터메릭 & 크랜베리 씨드 에너자이징 래디언스 마스크(크랜베리 생기충전 마스크),0,32,21,5,0,3,14,12,3,26,2,22,5,0,29,1.1
80,kiehl,트래블 테스티드 ″퍼스트 클래스″ 퓨리파잉 핸드 트리트먼트,0,0,1,0,0,0,1,0,0,0,1,11,6,2,20,1.45
81,kiehl,트러블 케어 스팟 에센스,1,5,2,0,0,2,0,3,0,3,0,0,0,0,0,0
82,kiehl,파워풀 링클 & 포어 리두싱 크림,0,7,7,4,0,3,2,1,2,10,0,0,0,0,0,0
83,kiehl,파워풀 링클 리두싱 아이 크림,0,7,15,3,0,2,4,6,1,12,0,0,0,0,0,0
84,kiehl,파워풀 비타민C 아이세럼,0,0,3,0,0,0,0,0,0,3,0,19,7,0,26,1.27
85,kiehl,파워풀 비타민C 에센스,0,11,18,8,0,2,10,6,3,16,1,13,6,1,21,1.33
86,kiehl,파워풀-스트렝스 라인-리두싱 컨센트레이트,0,19,59,22,0,7,30,12,6,45,0,6,3,0,9,1.33
87,kiehl,패츌리 & 프레쉬 로즈 바디 로션,1,2,3,1,0,0,3,0,1,3,0,20,12,2,34,1.47
88,kiehl,패츌리 & 프레쉬 로즈 바디 클렌저,0,1,1,0,0,0,0,1,0,1,0,18,12,2,32,1.5
89,kiehl,패츌리 & 프레쉬 로즈 오드 뚜왈렛,0,3,1,0,0,0,1,0,0,3,0,0,0,0,0,0
90,kiehl,퓨어 바이탈리티 스킨 리뉴잉 크림(마누카 꿀광 크림),0,23,55,13,0,10,25,12,7,37,1,28,7,0,36,1.17
91,kiehl,하이드로 플럼핑 리텍스처라이징 세럼 컨센트레이트,0,23,19,3,0,3,7,9,5,21,0,13,5,0,18,1.28
92,kiehl,항산화 컨센트레이트 (데일리 리바이빙 컨센트레이트),1,28,33,3,0,2,19,10,4,30,1,9,1,0,11,1
93,kiehl,훼이셜 퓨얼 노-샤인 모이스처라이징 립밤,1,17,7,1,0,3,10,2,1,10,0,12,0,0,12,1
94,kiehl,훼이셜 퓨얼 스카이 플라잉 포밍 멀티-젤,0,2,0,0,0,0,1,0,0,1,2,25,12,2,41,1.34
95,kiehl,훼이셜 퓨얼 안티-링클 크림,0,1,1,0,0,0,1,0,0,1,0,21,8,2,31,1.39
96,kiehl,훼이셜 퓨얼 에너자이징 토닉 포 맨,0,8,16,3,0,2,5,3,4,13,2,19,6,1,28,1.21
97,kiehl,훼이셜 퓨얼 에너자이징 훼이스 워시,0,1,2,1,0,1,1,1,0,1,0,20,6,3,29,1.41
98,kiehl,훼이셜 퓨얼 헤비 리프팅 모이스처라이저,0,2,0,1,0,0,0,1,0,2,0,33,6,2,41,1.24
0,lush,가디스,0,10,0,0,0,1,1,2,1,5,4,19,5,1,29,1.1
1,lush,골저스,0,13,13,0,1,3,4,5,1,13,1,17,2,2,22,1.23
2,lush,그리스 라이트닝,1,14,6,0,0,3,2,4,0,12,1,9,1,1,12,1.17
3,lush,대드스 가든 레몬 트리 보디 스프레이,1,36,15,1,0,3,13,10,3,24,0,5,2,1,8,1.5
4,lush,대디오,2,71,41,4,3,20,21,16,8,53,2,11,9,3,25,1.52
5,lush,더 올리브 브랜치,2,36,16,1,0,5,10,11,2,27,2,9,5,2,18,1.39
6,lush,더티 보디 스프레이,1,75,38,1,0,10,22,17,8,58,2,7,1,3,13,1.38
7,lush,더티 솔리드 퍼퓸,0,45,34,1,0,13,14,10,10,33,1,7,2,3,13,1.54
8,lush,더티 쉐이빙 크림,0,2,3,0,0,0,2,0,0,3,0,14,2,2,18,1.33
9,lush,더티 스프링워시,1,24,26,0,0,2,16,12,5,16,1,9,2,2,14,1.36
10,lush,돈트 룩 앳 미,2,65,31,2,0,9,28,7,12,44,4,9,0,1,14,0.86
11,lush,드림 크림 셀프-프리저빙,0,12,8,2,1,2,5,6,1,8,0,13,2,1,16,1.25
12,lush,띵크 핑크,3,20,17,1,0,4,12,3,4,18,5,12,3,1,21,1
13,lush,러스트,0,10,4,0,0,0,2,3,2,7,0,0,0,0,0,0
14,lush,러스트 솔리드 퍼퓸,0,13,13,0,0,1,6,8,2,9,0,7,3,1,11,1.45
15,lush,럽 럽 럽,5,72,37,5,1,14,21,19,16,49,2,9,4,1,16,1.25
16,lush,렛 더 굿 타임즈 롤,0,17,10,0,0,0,15,4,0,8,1,6,0,2,9,1.33
17,lush,로즈 아르간 보디 컨디셔너,5,67,39,5,0,12,32,10,11,51,1,14,4,4,23,1.48
18,lush,로즈 잼,3,93,43,1,0,14,34,24,11,57,1,11,4,3,19,1.47
19,lush,로즈 잼,3,93,43,1,0,14,34,24,11,57,0,6,2,3,11,1.73
20,lush,로지 칙스,2,80,33,0,1,15,24,12,11,53,2,5,2,1,10,1.2
21,lush,루츠,0,25,30,1,0,4,14,6,6,26,3,9,4,2,18,1.28
22,lush,리햅,6,68,43,2,11,18,27,18,11,45,0,16,5,2,23,1.39
23,lush,마릴린,0,7,14,1,0,3,5,2,4,8,2,8,2,2,14,1.29
24,lush,마스크 오브 매그너민티,8,86,23,1,1,15,16,21,8,58,1,9,3,2,15,1.4
25,lush,매직 크리스탈스,1,7,8,0,0,2,2,2,0,10,3,12,3,1,19,1.11
26,lush,몬탈바노,0,15,13,2,1,3,5,2,2,18,3,6,1,1,11,1
27,lush,민트 줄립스,0,17,9,0,1,2,6,0,3,15,0,5,0,1,6,1.33
28,lush,바닐라리 솔리드 퍼퓸,2,21,12,0,0,3,6,6,4,16,1,6,2,2,11,1.45
29,lush,배니싱 크림,0,11,7,1,0,5,5,2,0,7,0,17,2,2,21,1.29
30,lush,버터볼,2,6,4,0,0,2,2,3,0,5,0,4,1,1,6,1.5
31,lush,버피,1,1,9,1,0,0,2,2,0,8,1,5,1,1,8,1.25
32,lush,보디 스프레이 [쏘 화이트],0,14,0,0,0,1,1,1,2,9,1,8,2,2,13,1.38
33,lush,보디 스프레이 [칼라카스],0,6,2,0,0,0,3,3,0,2,1,4,6,5,16,1.94
34,lush,보헤미안,0,17,9,1,0,2,5,3,5,12,0,9,2,1,12,1.33
35,lush,뷰티 슬립,0,6,2,0,0,2,1,0,1,4,5,30,8,6,49,1.31
36,lush,브라이트사이드,3,68,36,1,0,8,27,14,12,47,0,7,4,1,12,1.5
37,lush,브레스 오브 갓 솔리드 퍼퓸,0,11,7,0,0,2,6,3,0,7,1,11,5,2,19,1.42
38,lush,브레스 오브 프레쉬 에어,0,41,21,5,1,9,19,9,4,26,0,8,1,1,10,1.3
39,lush,블루 스카이스 앤드 플러피 화이트 클라우즈,0,11,4,0,0,1,7,3,0,4,0,0,0,0,0,0
40,lush,비비 씨위드,4,78,32,3,0,13,25,21,9,49,2,15,0,1,18,1
41,lush,빅,2,67,44,6,1,14,27,14,9,55,0,9,3,1,13,1.38
42,lush,빅 블루,2,73,19,4,1,15,24,7,8,44,0,7,2,1,10,1.4
43,lush,사쿠라,3,41,22,2,0,10,19,10,6,23,1,9,2,1,13,1.23
44,lush,샌드스톤,0,6,2,0,0,0,5,0,0,3,1,12,1,2,16,1.25
45,lush,섹스 밤,7,90,19,1,1,13,27,15,8,54,2,11,4,1,18,1.22
46,lush,셀레스티얼,1,5,7,1,0,0,1,4,3,6,1,7,2,1,11,1.27
47,lush,속 앤 플롯,0,12,14,1,3,3,6,4,2,12,3,5,2,2,12,1.25
48,lush,수안 웬 후아,0,21,24,2,0,7,12,5,4,19,3,11,1,2,17,1.12
49,lush,슛 포 더 스타스,4,23,4,1,0,3,11,4,2,12,2,4,1,1,8,1.12
50,lush,스노우 페어리 바디 스프레이,1,18,10,0,0,3,8,7,1,10,0,8,2,2,12,1.5
51,lush,스크러비,0,4,5,1,1,1,5,1,0,3,4,6,1,1,12,0.92
52,lush,슬리피,1,84,31,1,0,11,22,11,4,69,2,14,3,1,20,1.15
53,lush,시킴 걸스 솔리드 퍼퓸,0,13,2,0,0,1,6,4,1,3,1,9,4,4,18,1.61
54,lush,심파시 포 더 스킨,0,4,5,1,0,0,2,2,1,5,1,9,3,2,15,1.4
55,lush,써니사이드,4,80,34,0,1,11,34,15,6,52,3,9,4,2,18,1.28
56,lush,쏘 화이트,0,5,2,0,0,1,2,2,0,2,1,8,2,1,12,1.25
57,lush,씨 베지터블,1,70,35,2,0,16,23,17,6,46,0,15,3,1,19,1.26
58,lush,씨닉,5,39,42,0,0,9,27,13,4,33,1,8,1,1,11,1.18
59,lush,아메리칸 크림,1,72,43,3,1,13,30,13,11,52,0,12,5,2,19,1.47
60,lush,아보배쓰,1,24,8,1,0,2,14,3,1,14,0,10,3,1,14,1.36
61,lush,아웃백 메이트,1,23,6,0,1,7,7,2,1,13,1,16,6,4,27,1.48
62,lush,아쿠아 마리나,0,13,7,0,0,3,5,5,0,7,1,11,1,1,14,1.14
63,lush,알앤비,0,26,16,0,4,4,12,11,2,13,1,13,4,1,19,1.26
64,lush,엔젤스 온 배어 스킨,5,71,37,3,0,18,37,12,4,45,0,7,0,1,8,1.25
65,lush,오 로마 워터,4,54,29,2,0,9,23,11,6,40,0,2,1,1,4,1.75
66,lush,오션 솔트,4,51,42,3,0,16,23,10,14,37,1,14,2,2,19,1.26
67,lush,오티픽스,1,65,49,2,0,10,41,12,10,44,2,10,0,2,14,1.14
68,lush,와사비 샨 쿠이,0,15,11,0,0,5,6,3,2,10,3,13,7,2,25,1.32
69,lush,왓 우드 러브 두? 솔리드 퍼퓸,0,8,1,0,0,1,0,4,0,4,0,6,2,2,10,1.6
70,lush,울트라블랜드,0,9,5,1,0,2,2,1,1,9,1,7,1,1,10,1.2
71,lush,이치 피치,0,12,2,0,0,1,4,2,0,7,0,0,0,0,0,0
72,lush,인터갈락틱,9,89,18,2,5,17,28,18,3,52,2,15,4,2,23,1.26
73,lush,점핑 주니퍼,0,10,15,0,2,8,6,2,0,9,0,3,2,1,6,1.67
74,lush,제이슨 앤 더 아르간 오일,0,14,5,2,2,2,4,4,2,9,0,8,2,3,13,1.62
75,lush,채러티 팟,1,20,9,0,1,2,7,3,1,17,1,12,2,2,17,1.29
76,lush,체리드웬즈 콜드론,0,4,4,0,1,0,2,3,0,3,1,10,1,1,13,1.15
77,lush,카마,0,16,12,2,0,3,9,2,0,16,0,17,2,2,21,1.29
78,lush,카마 솔리드 퍼퓸,0,25,20,1,0,5,9,5,1,26,0,11,0,2,13,1.31
79,lush,카타스트로피 코스메틱,1,71,28,0,4,11,18,18,7,46,0,9,0,2,11,1.36
80,lush,컵 오 커피,3,73,40,3,0,10,40,10,8,51,2,8,0,2,12,1.17
81,lush,코스메틱 워리어,4,89,26,0,1,21,17,19,8,54,0,8,0,1,9,1.22
82,lush,크리미 캔디,0,12,3,0,0,4,3,0,1,7,0,0,0,0,0,0
83,lush,테라피 - 마사지 바,0,6,1,0,0,1,2,0,1,3,0,0,0,0,0,0
84,lush,트와일라잇,8,99,28,2,1,22,26,15,11,63,1,13,6,1,21,1.33
85,lush,트와일라잇,8,99,28,2,1,22,26,15,11,63,1,5,1,1,8,1.25
86,lush,티 트리 워터,3,76,20,1,0,11,27,14,4,44,2,2,1,1,6,1.17
87,lush,팬지 솔리드 퍼퓸,0,11,4,0,0,1,5,2,0,7,0,0,0,0,0,0
88,lush,퍼미스 파워,0,8,3,0,0,2,1,2,1,5,0,12,1,1,14,1.21
89,lush,페얼리 트레이디드 허니,1,13,10,2,0,1,8,8,2,7,1,10,3,3,17,1.47
90,lush,풀 오브 그레이스,1,23,32,2,2,8,19,8,2,21,0,9,0,1,10,1.2
91,lush,프린스,0,8,6,1,1,1,3,4,1,6,0,18,2,3,23,1.35
92,lush,핫티,0,10,19,0,0,1,6,4,3,15,1,6,0,1,8,1.12
93,lush,해피 해피 조이 조이,2,17,24,2,0,4,9,8,3,21,2,12,2,3,19,1.32
94,lush,해피 히피,0,70,28,2,1,16,17,9,15,43,0,6,5,1,12,1.58
95,lush,핸디 구루구,0,13,6,0,0,2,2,4,1,10,3,12,4,4,23,1.39
96,lush,허니 아이 워시드 더 키즈,3,27,19,1,0,2,13,4,1,30,2,16,3,1,22,1.14
97,lush,허니 아이 워시드 마이 헤어,0,27,19,0,2,6,9,9,4,18,2,5,1,1,9,1.11
98,lush,허벌리즘,3,71,25,1,5,12,23,13,7,45,1,12,1,1,15,1.13
0,melixir,비건 릴리프 페이셜 크림,1,3,3,0,3,1,0,1,2,3,5,31,1,0,37,0.89
1,melixir,비건 립 버터,4,50,26,3,56,12,20,13,6,32,3,31,1,0,35,0.94
2,melixir,비건 밸런싱 토너,1,19,18,3,34,2,5,6,5,23,0,1,0,0,1,1
3,melixir,비건 비타민C 세럼,0,0,1,0,0,0,0,0,0,1,0,27,0,0,27,1
4,melixir,비건 스쿠알란 오일,0,1,4,0,3,0,0,0,1,4,1,7,0,0,8,0.88
5,melixir,비건 에어핏 선스크린 [SPF50+/PA++++],0,1,0,0,0,0,0,0,0,1,4,28,2,0,34,0.94
6,melixir,순수 비타민C 세럼,0,0,2,0,3,0,0,0,0,2,0,0,0,0,0,0
0,origins,MAD 플러스 리주버네이팅 수분 앰플크림,0,0,1,0,0,0,0,0,0,1,6,32,10,1,49,1.12
1,origins,MAD 핸드 크림,0,1,2,0,0,0,2,0,0,1,0,0,0,0,0,0
2,origins,낫프리 린스,0,0,1,0,0,0,0,0,0,1,0,0,0,0,0,0
3,origins,노 퍼퍼리 쿨링 롤온 아이 세럼,0,1,0,0,0,0,0,0,0,1,0,0,0,0,0,0
4,origins,닥터 와일 메가 디펜스 유브이 디펜더 [SPF45/PA++++],0,2,0,0,0,1,0,0,0,1,5,31,15,1,52,1.23
5,origins,닥터 와일 메가 버섯 세럼,0,3,12,0,1,1,1,5,0,8,4,42,6,1,53,1.08
6,origins,닥터 와일 메가 버섯 아이 세럼,0,0,1,1,0,0,0,0,1,1,1,36,6,0,43,1.12
7,origins,닥터 와일 메가 버섯 토너,1,12,20,4,0,1,7,6,2,21,1,30,8,1,40,1.23
8,origins,닥터 와일 메가 버섯 페이스 크림 클렌저,0,1,3,0,0,0,0,1,0,3,0,0,0,0,0,0
9,origins,닥터 와일 메가 브라이트 세럼,0,0,1,0,0,0,1,0,0,0,3,27,19,1,50,1.36
10,origins,닥터 와일 메가 브라이트 크림,0,3,0,0,0,1,1,0,0,1,2,25,11,1,39,1.28
11,origins,닥터 와일 메가 브라이트 클렌저,0,1,0,0,0,0,0,0,0,1,1,15,8,1,25,1.36
12,origins,닥터 와일™ 메가 버섯 로션,0,2,0,0,0,0,0,0,0,2,0,47,7,2,56,1.2
13,origins,닥터 와일™ 메가 버섯 크림,0,2,3,0,0,0,0,2,1,2,1,48,11,2,62,1.23
14,origins,닥터 와일™ 메가 버섯 트리트먼트 로션,1,22,13,0,0,4,6,5,4,17,2,33,10,1,46,1.22
15,origins,닥터 와일™ 메가 브라이트 아이 크림,0,0,3,0,0,0,1,0,0,2,0,0,0,0,0,0
16,origins,닥터와일 립밤,0,0,1,0,0,1,0,0,0,0,0,0,0,0,0,0
17,origins,닥터와일 메가 버섯 페이스 마스크,0,1,3,0,0,0,1,1,0,2,2,54,6,0,62,1.06
18,origins,닥터와일 어드밴스드 세럼,0,3,7,1,0,0,4,3,0,4,0,0,0,0,0,0
19,origins,닥터와일 토너,0,0,1,0,0,0,0,1,0,0,0,0,0,0,0,0
20,origins,드링크 업 인텐시브 오버나잇 마스크,0,4,1,0,0,0,2,1,0,2,0,0,0,0,0,0
21,origins,드링크 업™ 하이드레이팅 립밤,0,3,1,0,0,1,0,0,0,3,0,0,0,0,0,0
22,origins,드링크업 수분 마스크,0,1,3,0,0,0,1,0,0,3,1,29,6,0,36,1.14
23,origins,드링크업 오버나이트 수분 마스크,0,40,55,5,0,4,38,16,5,37,3,44,9,0,56,1.11
24,origins,라벤더 바디 크림,0,0,1,0,0,0,0,0,0,1,1,30,13,4,48,1.42
25,origins,레그 리프트 레그 크림,1,2,5,0,0,1,1,2,1,3,2,18,6,2,28,1.29
26,origins,레어 블렌드 딥 컨디셔너,0,0,0,1,0,0,0,0,0,1,0,0,0,0,0,0
27,origins,리인벤팅더힐 풋크림,0,2,1,0,0,0,0,1,0,2,1,23,8,1,33,1.27
28,origins,마스키마이저 마스크 프라이머,0,1,0,0,0,1,0,0,0,0,0,0,0,0,0,0
29,origins,매드 수분 앰플 크림,0,1,1,1,0,0,0,1,0,2,0,0,0,0,0,0
30,origins,매드 수분 크림,1,0,1,2,0,1,1,1,1,0,0,0,0,0,0,0
31,origins,메가 버섯 리뉴얼 세럼,0,1,0,0,0,0,0,0,0,1,1,48,7,2,58,1.17
32,origins,메가 버섯 미셀러 클렌징 워터,0,2,1,1,0,0,1,1,0,2,0,0,0,0,0,0
33,origins,메이크 어 디퍼런스 나이트 크림,0,2,2,0,0,1,2,1,0,0,6,38,5,1,50,1.02
34,origins,메이크 어 디퍼런스 밀크 클렌저,0,1,0,1,0,0,0,2,0,0,3,24,5,0,32,1.06
35,origins,메이크 어 디퍼런스 플러스 수분 세럼,0,3,8,1,0,3,3,0,0,6,6,35,8,1,50,1.08
36,origins,메이크 어 디퍼런스 플러스 수분 토너,0,21,27,7,0,3,17,8,3,24,6,29,8,1,44,1.09
37,origins,메이크 어 디퍼런스 플러스 수분 트리트먼트,2,38,67,7,0,13,27,7,8,59,8,31,10,1,50,1.08
38,origins,메이크 어 디퍼런스 플러스 울트라 리치 크림,0,3,3,0,0,0,3,2,0,1,6,42,10,1,59,1.1
39,origins,메이크 어 디퍼런스 플러스+ 수분 크림,0,8,5,1,0,1,5,1,0,7,6,45,10,1,62,1.1
40,origins,모던 프릭션,0,9,16,4,1,2,6,3,2,16,2,28,11,3,44,1.34
41,origins,센서리 테라피 피스오브마인드,0,6,26,6,0,1,8,2,2,25,0,5,0,0,5,1
42,origins,스팟 리무버,4,46,64,5,0,13,20,25,5,56,0,0,0,0,0,0
43,origins,스팟 리무버 안티 블레미쉬 트리트먼트 젤,0,1,1,0,0,0,0,0,0,2,2,12,6,0,20,1.2
44,origins,쓰리 파트 하모니 오일 인퓨즈드 세럼,0,1,0,0,0,0,0,1,0,0,0,0,0,0,0,0
45,origins,쓰리 파트 하모니™ 너리싱 크림,0,1,4,0,0,1,1,2,0,1,1,52,14,2,69,1.25
46,origins,아웃 오브 트러블 마스크,0,19,15,1,0,6,7,3,1,18,0,0,0,0,0,0
47,origins,오리지널 스킨 로즈 클레이 마스크,0,8,4,0,0,1,1,1,1,8,4,29,8,1,42,1.14
48,origins,오리지널 스킨 마스크,0,21,19,2,0,8,5,3,3,23,4,29,8,1,42,1.14
49,origins,오리지널 스킨 매트 모이스춰라이저,0,0,1,0,0,0,0,0,0,1,4,41,12,1,58,1.17
50,origins,오리지널 스킨 세럼,0,4,4,0,0,2,1,1,0,4,0,0,0,0,0,0
51,origins,오리지널 스킨 에센스 로션 위드 듀얼퍼먼트 컴플렉스,0,3,0,0,0,0,1,1,0,1,2,29,8,0,39,1.15
52,origins,웰오프,0,0,1,0,0,0,0,0,0,1,0,7,3,0,10,1.3
53,origins,제로 오일 딥 포어 클렌저,0,2,0,0,0,0,0,0,0,2,2,25,11,1,39,1.28
54,origins,제로 오일 포어 퓨리파잉 토너,0,2,3,0,0,1,1,0,0,3,1,17,8,2,28,1.39
55,origins,제로 오일 피지 조절 세럼,0,0,1,0,0,0,0,0,0,1,1,13,2,0,16,1.06
56,origins,진저 린스,0,0,1,0,0,0,0,0,0,1,0,18,13,2,33,1.52
57,origins,진저 바디 스무더,0,2,0,0,0,0,0,0,0,2,0,16,7,1,24,1.38
58,origins,진저 바디 크림,0,1,2,3,0,0,1,0,0,5,0,29,12,2,43,1.37
59,origins,진저 바디 클렌저,0,1,0,0,0,0,0,0,0,1,0,15,14,2,31,1.58
60,origins,진저 샴푸,0,0,1,0,0,0,0,0,0,1,1,26,21,7,55,1.62
61,origins,진저 업 아로마틱 컨디셔너,0,0,1,0,0,0,0,0,0,1,0,0,0,0,0,0
62,origins,진저 핸드 로션,0,4,4,0,0,1,0,0,1,6,0,31,11,2,44,1.34
63,origins,진저 핸드 클렌저,0,0,1,0,0,0,0,1,0,0,0,17,14,2,33,1.55
64,origins,진정 리프레시 마스크,0,1,2,0,0,0,0,2,0,1,0,0,0,0,0,0
65,origins,진징 리프레싱 스크럽 클렌저,0,1,1,0,0,0,1,0,0,1,0,0,0,0,0,0
66,origins,진징 리프레싱 아이 크림,0,2,12,4,0,1,4,1,1,11,4,40,7,0,51,1.06
67,origins,진징 에너지 모이스춰라이저,0,29,23,5,0,3,11,8,2,33,2,39,8,1,50,1.16
68,origins,진징 에너지 부스팅 트리트먼트 로션 미스트,0,3,1,1,0,0,0,0,2,3,1,31,7,1,40,1.2
69,origins,첵스 앤 밸런스,0,46,54,10,0,10,32,18,2,48,1,20,6,1,28,1.25
70,origins,클리어 민트 린스,0,0,1,0,0,0,0,0,0,1,0,0,0,0,0,0
71,origins,클리어 임프루브먼트 모공 마스크,1,21,31,2,0,11,9,10,0,25,1,18,4,0,23,1.13
72,origins,클리어 임프루브먼트 차콜 허니 마스크 투 퓨리파이 앤 너리쉬,0,1,0,0,0,1,0,0,0,0,6,28,11,1,46,1.15
73,origins,클리어 헤드 민트 샴푸,0,0,4,2,0,1,2,0,1,2,4,13,10,1,28,1.29
74,origins,클린 에너지 젠틀 클렌징 오일,0,1,10,2,0,0,4,3,0,6,0,0,0,0,0,0
75,origins,퍼펙트월드 항산화 크림,0,1,1,0,0,0,1,1,0,0,4,39,8,1,52,1.12
76,origins,퍼펙트월드 항산화 토너,0,1,2,0,0,0,0,1,0,2,3,17,7,1,28,1.21
77,origins,플라워 퓨전™ 라즈베리 리프레싱 시트마스크,0,0,0,1,0,0,0,0,1,0,0,0,0,0,0,0
78,origins,플라워 퓨전™ 자스민 소프트닝 시트 마스크,0,0,1,0,0,0,0,0,0,1,0,0,0,0,0,0
79,origins,플랜트스크립션 세럼,0,0,3,1,0,0,1,0,0,3,4,40,9,1,54,1.13
80,origins,플랜트스크립션 아이 트리트먼트,0,0,2,0,0,0,0,0,0,2,0,42,3,0,45,1.07
81,origins,플랜트스크립션 안티에이징 크림,0,1,4,0,0,0,1,0,0,4,0,0,0,0,0,0
82,origins,플랜트스크립션 토너,0,1,2,0,0,0,2,0,0,1,0,0,0,0,0,0
83,origins,플랜트스크립션 파워풀 리프팅 크림,0,0,1,0,0,0,1,0,0,0,3,58,10,1,72,1.12
84,origins,플랜트스크립션™ 유스-리뉴잉 페이스 오일,0,1,2,1,0,0,0,1,0,3,0,0,0,0,0,0
85,origins,하이포텐시 나이타민즈 나이트 크림,0,11,14,2,0,1,5,6,2,13,2,47,10,1,60,1.17
0,round lab,1025 독도 로션,27,72,13,5,3,18,26,18,8,47,1,30,0,0,31,0.97
1,round lab,1025 독도 머드팩,3,83,7,0,0,21,0,1,2,69,1,16,0,0,17,0.94
2,round lab,1025 독도 미스트,4,9,3,0,1,3,4,4,0,5,0,28,0,0,28,1
3,round lab,1025 독도 선크림 [SPF50+/PA++++],6,21,7,1,0,4,6,7,1,17,0,36,1,0,37,1.03
4,round lab,1025 독도 수면팩,5,28,11,0,1,7,10,11,3,13,2,22,0,0,24,0.92
5,round lab,1025 독도 수분 앰플,16,17,13,1,0,6,13,8,2,18,0,23,0,0,23,1
6,round lab,1025 독도 수분 워터겔 마스크,12,66,35,3,1,13,30,17,15,41,1,34,0,0,35,0.97
7,round lab,1025 독도 아이크림,0,2,0,0,0,1,0,0,0,1,1,42,0,0,43,0.98
8,round lab,1025 독도 크림,33,58,16,2,1,23,24,18,10,34,5,36,0,0,41,0.88
9,round lab,1025 독도 클렌저,23,71,20,3,0,25,23,13,8,48,0,38,0,0,38,1
10,round lab,1025 독도 클렌징 오일,10,28,8,2,1,8,13,5,3,19,0,33,0,0,33,1
11,round lab,1025 독도 클렌징 워터,17,50,13,0,1,11,23,8,6,32,0,25,0,0,25,1
12,round lab,1025 독도 토너,16,73,26,3,2,12,23,15,10,58,0,16,0,0,16,1
13,round lab,1025 독도 패드,32,64,16,2,0,22,24,18,7,43,0,22,0,0,22,1
14,round lab,365 안심 선크림 [SPF50+/PA++++],20,73,24,0,3,16,21,25,10,45,1,39,3,0,43,1.05
15,round lab,365 톤업 선크림 [SPF50+/PA+++],18,79,1,2,1,22,25,6,8,39,2,24,8,0,34,1.18
16,round lab,사과 미백 크림,15,14,4,0,0,4,17,2,1,9,0,25,0,0,25,1
17,round lab,사과 미백 토너,17,8,4,0,0,5,12,1,3,8,0,29,0,0,29,1
18,round lab,사과 필링 마스크,4,7,6,0,0,3,4,2,0,8,0,26,0,0,26,1
19,round lab,약콩 영양 마스크,1,2,6,0,0,0,2,2,1,4,0,25,1,0,26,1.04
20,round lab,약콩 영양 크림,5,25,14,1,1,7,12,3,3,20,2,36,0,0,38,0.95
21,round lab,약콩 영양 토너,1,6,4,0,0,1,3,1,1,5,1,25,0,0,26,0.96
22,round lab,자작나무 수분 선크림 [SPF50+/PA++++],5,74,35,5,3,9,33,11,12,54,3,37,0,0,40,0.93
23,round lab,자작나무 수분 세럼,10,61,35,1,0,15,16,11,6,59,3,37,0,0,40,0.93
24,round lab,자작나무 수분 크림,16,76,21,4,0,26,16,21,5,49,2,35,1,0,38,0.97
25,round lab,자작나무 수분 클렌저,2,17,4,0,0,8,3,5,2,5,1,25,0,0,26,0.96
26,round lab,자작나무 수분 토너,15,36,10,4,1,10,16,8,5,26,0,21,0,0,21,1
27,round lab,자작나무 수분 패드,0,73,25,1,3,0,31,1,7,60,0,24,0,0,24,1
28,round lab,자작나무수액 수분 마스크,7,34,18,1,2,10,8,12,5,25,0,22,0,0,22,1
29,round lab,해풍 쑥 진정 크림,7,21,3,1,0,7,7,5,0,13,1,30,0,0,31,0.97
30,round lab,해풍쑥 진정 마스크,3,19,7,0,0,2,8,2,0,17,0,21,0,0,21,1
31,round lab,해풍쑥 진정 토너,7,17,4,0,2,8,5,3,1,11,1,18,0,0,19,0.95
0,the body shop,뉴트리가닉스 드롭스 오브 유스,0,55,54,9,0,19,19,20,8,52,2,13,9,1,25,1.36
1,the body shop,드롭스 오브 유스 바운시 슬리핑 마스크,0,42,28,9,0,11,25,9,4,30,1,15,9,1,26,1.38
2,the body shop,드롭스 오브 유스 컨센트레이트,0,44,49,7,1,18,18,18,7,39,5,11,7,1,24,1.17
3,the body shop,리트랙터블 블러셔 브러쉬,3,33,45,8,0,11,27,11,4,36,0,0,0,0,0,0
4,the body shop,립 케어,0,5,11,2,0,1,6,4,0,7,1,12,2,0,15,1.07
5,the body shop,망고 바디 미스트,2,43,10,2,0,10,14,6,5,22,0,6,5,3,14,1.79
6,the body shop,망고 샤워젤,3,9,7,0,0,2,5,6,0,6,0,12,10,2,24,1.58
7,the body shop,망고 핸드크림,4,9,4,1,0,6,0,1,0,11,1,2,3,0,6,1.33
8,the body shop,모링가 밀크 바디 로션,4,41,48,7,0,12,18,10,6,54,1,16,9,4,30,1.53
9,the body shop,모링가 바디 미스트,3,74,40,2,0,11,31,16,10,51,1,5,3,3,12,1.67
10,the body shop,모링가 바디버터,0,8,8,1,0,1,6,2,0,8,1,19,8,4,32,1.47
11,the body shop,모링가 뷰티파잉 오일,0,18,23,2,0,3,11,4,7,18,0,10,1,2,13,1.38
12,the body shop,모링가 샤워젤,3,62,47,4,0,17,24,20,10,45,1,13,9,3,26,1.54
13,the body shop,모링가 오 드 뚜왈렛,0,31,28,1,0,9,17,5,3,26,1,7,4,3,15,1.6
14,the body shop,모링가 핸드크림,7,59,42,8,0,17,30,13,10,46,0,4,3,1,8,1.62
15,the body shop,미니 뱀부 헤어 브러쉬,0,4,3,0,0,1,0,2,2,2,0,0,0,0,0,0
16,the body shop,버진 모히토 샤워젤,1,10,7,2,0,1,3,4,3,9,1,11,9,2,23,1.52
17,the body shop,본 리피 립밤 - 라즈베리,0,18,21,4,0,6,9,9,4,15,0,9,4,1,14,1.43
18,the body shop,브리티쉬 로즈 바디 요거트,0,5,1,1,0,0,2,1,0,4,0,15,13,3,31,1.61
19,the body shop,브리티쉬 로즈 샤워젤,0,23,24,1,0,2,11,8,0,27,0,0,0,0,0,0
20,the body shop,브리티쉬 로즈 오 드 뚜왈렛,1,30,19,2,0,1,13,5,4,29,0,7,9,4,20,1.85
21,the body shop,브리티쉬 로즈 인스턴트 글로우 바디 버터,1,30,29,2,0,6,16,5,3,32,0,4,9,2,15,1.87
22,the body shop,브리티쉬 로즈 페탈-소프트 젤 토너,0,2,3,0,0,0,0,2,0,3,2,14,11,3,30,1.5
23,the body shop,브리티쉬 로즈 프레쉬 플럼핑 마스크 (진정및보습팩),0,8,6,0,0,2,7,1,0,4,0,0,0,0,0,0
24,the body shop,블랙 머스크 오 드 퍼퓸,0,15,13,1,0,4,7,1,0,17,0,6,7,5,18,1.94
25,the body shop,블랙 머스크 후레그런스 미스트,1,7,4,0,0,3,2,2,0,5,0,6,5,5,16,1.94
26,the body shop,비타민 E 하이드레이팅 토너,0,14,13,2,0,3,5,3,4,14,0,9,10,4,23,1.78
27,the body shop,빈야드 피치 바디 미스트,2,75,27,3,0,13,29,11,6,48,0,4,3,1,8,1.62
28,the body shop,빈야드 피치 샤워 젤,2,55,28,5,0,9,23,8,10,40,0,11,11,1,23,1.57
29,the body shop,셰어 핸드 크림,0,7,6,2,0,0,3,5,0,7,0,20,5,2,27,1.33
30,the body shop,스트로베리 바디 미스트,1,26,7,1,0,6,6,5,5,13,0,6,3,2,11,1.64
31,the body shop,스트로베리 바디 버터,3,75,38,3,0,16,28,15,8,52,0,14,9,3,26,1.58
32,the body shop,스트로베리 배쓰 밤,0,3,2,0,0,0,1,1,1,2,0,3,3,1,7,1.71
33,the body shop,스트로베리 샤워젤,2,76,34,3,0,18,18,16,9,54,0,13,10,0,23,1.43
34,the body shop,스파 오브 더 월드 브라질리안 쿠푸아수 스크럽 인 오일,0,2,3,1,0,0,0,2,0,4,0,4,0,1,5,1.4
35,the body shop,스파 오브 더 월드 아프리카 지메니아 스크럽,0,7,8,2,0,2,4,1,0,10,1,12,4,2,19,1.37
36,the body shop,스파 오브 더 월드 에티오피안 그린 커피 크림,0,2,3,0,0,0,0,1,1,3,0,15,10,4,29,1.62
37,the body shop,스파 오브 더 월드 폴리네시아 모노이 레디언스 오일,0,5,5,3,0,0,4,0,0,9,0,0,0,0,0,0
38,the body shop,스파 오브 더 월드 하와이안 쿠쿠이 크림,0,7,8,0,0,2,4,2,1,6,1,17,7,2,27,1.37
39,the body shop,스파 위즈덤 아프리카 허니 앤 비즈왁스 핸드 앤 풋 버터,0,7,8,1,0,2,2,0,0,12,3,15,10,4,32,1.47
40,the body shop,슬랜티드 가부키 브러쉬,0,2,0,2,0,1,1,0,0,2,0,0,0,0,0,0
41,the body shop,슬랜티드 브러시,0,4,5,2,0,0,6,3,0,2,0,0,0,0,0,0
42,the body shop,시어 바디 버터,0,27,24,4,0,2,18,8,3,24,0,13,11,3,27,1.63
43,the body shop,아몬드 네일 앤 큐티클 오일,0,3,8,1,0,0,6,1,0,5,0,0,0,0,0,0
44,the body shop,아몬드 밀크 & 허니 카밍 & 프로텍팅 바디 버터,1,11,4,1,0,0,5,2,1,9,0,21,6,1,28,1.29
45,the body shop,아이섀도우 브러쉬,0,5,6,2,0,1,4,2,0,6,0,0,0,0,0,0
46,the body shop,아틀라스 마운틴 로즈 오 드 뚜왈렛,0,12,7,0,0,3,5,1,1,9,0,0,0,0,0,0
47,the body shop,알로에 카밍 토너,1,7,4,1,0,2,4,2,0,5,0,9,2,0,11,1.18
48,the body shop,얼리 하비스트 라즈베리 소프트닝 바디 버터,0,6,11,1,0,1,8,3,2,4,0,17,6,1,24,1.33
49,the body shop,오가닉 코튼 사각 패드,0,7,4,3,6,2,3,0,2,7,0,0,0,0,0,0
50,the body shop,오일 오브 라이프 인텐스 리바이탈라이징 훼이셜 오일,2,19,20,3,0,4,15,3,1,21,0,17,3,3,23,1.39
51,the body shop,올리브 샤워젤,0,7,8,1,1,2,5,2,3,4,0,0,0,0,0,0
52,the body shop,와일드 로즈 핸드크림 [SPF15],1,38,41,4,0,8,19,5,4,48,0,5,7,1,13,1.69
53,the body shop,이탈리안 써머 피그 오 드 뚜왈렛,0,5,3,1,0,0,2,3,0,4,0,0,0,0,0,0
54,the body shop,잉글리쉬 던 가드니아 오 드 뚜왈렛,0,5,2,0,0,2,2,0,0,3,0,0,0,0,0,0
55,the body shop,잉글리쉬 던 가드니아 후레그런스 미스트,0,8,2,0,0,2,1,1,1,5,0,0,0,0,0,0
56,the body shop,재패니즈 체리 블라썸 바디 로션,1,25,22,2,0,6,10,5,4,25,0,13,11,3,27,1.63
57,the body shop,재패니즈 체리 블라썸 스트로베리 키스 오 드 뚜왈렛,1,7,0,1,0,1,3,0,2,3,0,0,0,0,0,0
58,the body shop,재패니즈 체리 블라썸 오 드 뚜왈렛,0,32,12,0,0,8,11,3,2,20,0,3,7,3,13,2
59,the body shop,재패니즈 체리 블라썸 후레그런스 미스트,1,31,10,3,0,4,8,6,2,25,0,3,6,3,12,2
60,the body shop,진저 스캘프 케어 샴푸,0,58,48,11,2,15,23,23,8,48,0,15,11,2,28,1.54
61,the body shop,카모마일 섬추어스 클렌징 버터,0,26,12,2,0,1,12,2,2,23,0,10,3,1,14,1.36
62,the body shop,카모마일 워터프루프 아이 앤 립 메이크업 리무버,1,11,5,3,0,1,6,3,2,8,0,0,0,0,0,0
63,the body shop,켁터스 브러쉬,1,64,44,10,3,16,37,9,4,53,0,0,0,0,0,0
64,the body shop,코튼 울 패드,1,45,30,9,4,15,15,10,7,38,0,0,0,0,0,0
65,the body shop,티트리 3-in-1 워시.스크럽.마스크,2,20,9,0,0,10,5,5,0,11,1,21,7,1,30,1.27
66,the body shop,티트리 스퀴키 클린 스크럽,1,27,16,2,0,8,12,4,5,17,1,21,9,1,32,1.31
67,the body shop,티트리 스킨 클리어링 데일리 솔루션,3,48,26,3,0,11,16,15,6,32,0,16,7,1,24,1.38
68,the body shop,티트리 스킨 클리어링 매티파잉 토너,7,51,30,1,0,13,14,19,2,41,1,13,5,1,20,1.3
69,the body shop,티트리 오일,8,74,33,3,0,18,20,18,9,53,0,6,3,1,10,1.5
70,the body shop,티트리 타겟티드 젤,1,22,13,4,0,9,5,5,2,19,0,11,4,1,16,1.38
71,the body shop,파운데이션 드래곤 후룻 립 버터,0,9,5,0,0,0,2,4,1,7,0,0,0,0,0,0
72,the body shop,페퍼민트 리바이빙 풋 소크,0,4,2,0,0,1,2,0,1,2,0,0,0,0,0,0
73,the body shop,페퍼민트 스무딩 퍼미스 풋 스크럽,0,19,25,13,0,4,17,5,3,28,1,10,7,1,19,1.42
74,the body shop,피니타 콜라다 바디 버터,0,2,4,0,0,0,0,2,1,3,0,0,0,0,0,0
75,the body shop,핑크 그레이프 후룻 바디 미스트,11,83,20,3,0,12,28,14,7,56,0,5,3,3,11,1.82
76,the body shop,핑크 그레이프후룻 바디 버터,1,20,10,1,0,3,6,5,3,15,1,14,10,4,29,1.59
77,the body shop,핑크 그레이프후룻 샤워젤,5,69,29,6,0,16,23,14,8,48,1,10,10,2,23,1.57
78,the body shop,핑크 그레이프후룻 오 드 뚜왈렛,1,91,20,6,0,22,15,13,7,61,0,3,4,3,10,2
79,the body shop,핑크 그레이프후룻 핸드 크림,3,70,24,3,0,16,24,8,6,46,1,23,5,3,32,1.31
80,the body shop,햄프 립 컨디셔너,0,5,5,1,0,4,1,0,2,4,0,10,3,2,15,1.47
81,the body shop,햄프 핸드 프로텍터,0,8,12,2,0,1,5,3,1,12,3,20,7,3,33,1.3
82,the body shop,허니매니아 버블 배쓰 멜트,2,5,10,1,0,2,4,0,3,9,0,11,10,4,25,1.72
83,the body shop,허니매니아 샤워 젤,0,7,7,1,0,2,1,0,2,10,0,10,9,4,23,1.74
84,the body shop,화이트 머스크 로 바디 로션,0,7,2,0,0,0,5,1,1,2,0,0,0,0,0,0
85,the body shop,화이트 머스크 바디 로션,4,65,43,3,0,14,30,15,4,52,2,11,9,3,25,1.52
86,the body shop,화이트 머스크 바디 파우더,0,6,8,4,0,1,5,5,2,5,1,5,4,4,14,1.79
87,the body shop,화이트 머스크 바디워시 샤워젤,6,61,38,8,0,16,27,14,8,48,1,7,8,3,19,1.68
88,the body shop,화이트 머스크 스모키 로즈 바디 워시,0,13,14,0,0,4,5,3,0,15,1,15,9,4,29,1.55
89,the body shop,화이트 머스크 스모키 로즈 오 드 뚜왈렛,0,12,14,0,0,5,4,5,4,8,0,5,5,4,14,1.93
90,the body shop,화이트 머스크 스모키 로즈 오 드 퍼퓸,0,41,27,2,0,7,16,13,3,31,0,5,5,4,14,1.93
91,the body shop,화이트 머스크 스모키 로즈 후레그런스 미스트,0,10,10,0,0,1,4,5,1,9,0,3,4,4,11,2.09
92,the body shop,화이트 머스크 오 드 퍼퓸,3,63,44,6,0,16,30,14,6,50,1,3,0,1,5,1.2
93,the body shop,화이트 머스크 오드뚜왈렛,5,54,37,4,0,7,23,11,8,51,1,3,0,1,5,1.2
94,the body shop,화이트 머스크 퍼퓸 오일,0,42,54,6,0,7,21,19,4,51,0,0,3,2,5,2.4
95,the body shop,화이트 머스크 핸드 크림,0,5,8,1,0,1,2,1,1,9,2,18,8,2,30,1.33
96,the body shop,화이트 머스크 후레그런스 미스트,11,60,38,8,0,15,28,17,9,48,2,3,5,3,13,1.69
97,the body shop,후지 그린티 리프레싱 퓨리파잉 클렌징 헤어 스크럽,0,2,6,0,0,1,1,1,1,4,0,11,8,1,20,1.5
98,the body shop,훼이스 & 바디 브러쉬,0,1,4,0,0,0,2,2,0,1,0,0,0,0,0,0
99,the body shop,히말라얀 챠콜 퓨리파잉 글로우 마스크 (노폐물쏙쏙팩),1,28,24,5,0,10,16,6,3,23,2,22,4,4,32,1.31
